SMILEYS_PEOPLE	😀
SMILEYS_PEOPLE	😃
SMILEYS_PEOPLE	😄
SMILEYS_PEOPLE	😁
SMILEYS_PEOPLE	😆
SMILEYS_PEOPLE	😅
SMILEYS_PEOPLE	🤣
SMILEYS_PEOPLE	😂
SMILEYS_PEOPLE	🙂
SMILEYS_PEOPLE	😉
SMILEYS_PEOPLE	😊
SMILEYS_PEOPLE	😇
SMILEYS_PEOPLE	🥰
SMILEYS_PEOPLE	😍
SMILEYS_PEOPLE	😘
SMILEYS_PEOPLE	😋
SMILEYS_PEOPLE	😜
SMILEYS_PEOPLE	🤪
SMILEYS_PEOPLE	😎
SMILEYS_PEOPLE	🥳
SMILEYS_PEOPLE	😏
SMILEYS_PEOPLE	😒
SMILEYS_PEOPLE	😢
SMILEYS_PEOPLE	😭
SMILEYS_PEOPLE	😤
SMILEYS_PEOPLE	😡
SMILEYS_PEOPLE	🥺
SMILEYS_PEOPLE	😱
SMILEYS_PEOPLE	😴
SMILEYS_PEOPLE	🤔
SMILEYS_PEOPLE	🤗
SMILEYS_PEOPLE	🤭
SMILEYS_PEOPLE	🤫
SMILEYS_PEOPLE	🤐
SMILEYS_PEOPLE	😷
SMILEYS_PEOPLE	🤒
SMILEYS_PEOPLE	🥵
SMILEYS_PEOPLE	🥶
SMILEYS_PEOPLE	😳
SMILEYS_PEOPLE	🤯
SMILEYS_PEOPLE	🙄
SMILEYS_PEOPLE	👋
SMILEYS_PEOPLE	👍
SMILEYS_PEOPLE	👎
SMILEYS_PEOPLE	👌
SMILEYS_PEOPLE	✌
SMILEYS_PEOPLE	🤞
SMILEYS_PEOPLE	🤘
SMILEYS_PEOPLE	👊
SMILEYS_PEOPLE	✊
SMILEYS_PEOPLE	👏
SMILEYS_PEOPLE	🙌
SMILEYS_PEOPLE	🙏
SMILEYS_PEOPLE	💪
SMILEYS_PEOPLE	👀
SMILEYS_PEOPLE	👶
ANIMALS_NATURE	🐶
ANIMALS_NATURE	🐱
ANIMALS_NATURE	🐭
ANIMALS_NATURE	🐹
ANIMALS_NATURE	🐰
ANIMALS_NATURE	🦊
ANIMALS_NATURE	🐻
ANIMALS_NATURE	🐼
ANIMALS_NATURE	🐨
ANIMALS_NATURE	🐯
ANIMALS_NATURE	🦁
ANIMALS_NATURE	🐮
ANIMALS_NATURE	🐷
ANIMALS_NATURE	🐸
ANIMALS_NATURE	🐵
ANIMALS_NATURE	🙈
ANIMALS_NATURE	🙉
ANIMALS_NATURE	🙊
ANIMALS_NATURE	🐔
ANIMALS_NATURE	🐧
ANIMALS_NATURE	🐦
ANIMALS_NATURE	🦆
ANIMALS_NATURE	🦅
ANIMALS_NATURE	🦉
ANIMALS_NATURE	🦇
ANIMALS_NATURE	🐺
ANIMALS_NATURE	🐗
ANIMALS_NATURE	🐴
ANIMALS_NATURE	🦄
ANIMALS_NATURE	🐝
ANIMALS_NATURE	🐛
ANIMALS_NATURE	🦋
ANIMALS_NATURE	🐌
ANIMALS_NATURE	🐞
ANIMALS_NATURE	🐢
ANIMALS_NATURE	🐍
ANIMALS_NATURE	🦎
ANIMALS_NATURE	🐙
ANIMALS_NATURE	🦑
ANIMALS_NATURE	🦀
ANIMALS_NATURE	🐠
ANIMALS_NATURE	🐟
ANIMALS_NATURE	🐬
ANIMALS_NATURE	🐳
ANIMALS_NATURE	🐋
ANIMALS_NATURE	🦈
ANIMALS_NATURE	🐊
ANIMALS_NATURE	🦒
ANIMALS_NATURE	🐘
ANIMALS_NATURE	🌵
ANIMALS_NATURE	🌲
ANIMALS_NATURE	🌳
ANIMALS_NATURE	🌴
ANIMALS_NATURE	🌱
ANIMALS_NATURE	🌿
ANIMALS_NATURE	🍀
ANIMALS_NATURE	🌷
ANIMALS_NATURE	🌹
ANIMALS_NATURE	🌺
ANIMALS_NATURE	🌸
ANIMALS_NATURE	🌼
ANIMALS_NATURE	🌻
ANIMALS_NATURE	🌞
ANIMALS_NATURE	🌙
ANIMALS_NATURE	⭐
ANIMALS_NATURE	✨
ANIMALS_NATURE	⚡
ANIMALS_NATURE	🔥
ANIMALS_NATURE	🌈
ANIMALS_NATURE	☀
ANIMALS_NATURE	☁
ANIMALS_NATURE	❄
ANIMALS_NATURE	☃
ANIMALS_NATURE	🌊
FOOD_DRINK	🍏
FOOD_DRINK	🍎
FOOD_DRINK	🍐
FOOD_DRINK	🍊
FOOD_DRINK	🍋
FOOD_DRINK	🍌
FOOD_DRINK	🍉
FOOD_DRINK	🍇
FOOD_DRINK	🍓
FOOD_DRINK	🍈
FOOD_DRINK	🍒
FOOD_DRINK	🍑
FOOD_DRINK	🥭
FOOD_DRINK	🍍
FOOD_DRINK	🥥
FOOD_DRINK	🥝
FOOD_DRINK	🍅
FOOD_DRINK	🍆
FOOD_DRINK	🥑
FOOD_DRINK	🥦
FOOD_DRINK	🥬
FOOD_DRINK	🥒
FOOD_DRINK	🌶
FOOD_DRINK	🌽
FOOD_DRINK	🥕
FOOD_DRINK	🧄
FOOD_DRINK	🧅
FOOD_DRINK	🥔
FOOD_DRINK	🍠
FOOD_DRINK	🥐
FOOD_DRINK	🍞
FOOD_DRINK	🥖
FOOD_DRINK	🥨
FOOD_DRINK	🧀
FOOD_DRINK	🥚
FOOD_DRINK	🍳
FOOD_DRINK	🥞
FOOD_DRINK	🥓
FOOD_DRINK	🥩
FOOD_DRINK	🍗
FOOD_DRINK	🍖
FOOD_DRINK	🌭
FOOD_DRINK	🍔
FOOD_DRINK	🍟
FOOD_DRINK	🍕
FOOD_DRINK	🥪
FOOD_DRINK	🌮
FOOD_DRINK	🌯
FOOD_DRINK	🥗
FOOD_DRINK	🍝
FOOD_DRINK	🍜
FOOD_DRINK	🍲
FOOD_DRINK	🍣
FOOD_DRINK	🍱
FOOD_DRINK	🍤
FOOD_DRINK	🍙
FOOD_DRINK	🍚
FOOD_DRINK	🍘
FOOD_DRINK	🍢
FOOD_DRINK	🍡
FOOD_DRINK	🍧
FOOD_DRINK	🍨
FOOD_DRINK	🍦
FOOD_DRINK	🍰
FOOD_DRINK	🎂
FOOD_DRINK	🍮
FOOD_DRINK	🍭
FOOD_DRINK	🍬
FOOD_DRINK	🍫
FOOD_DRINK	🍿
FOOD_DRINK	🧂
FOOD_DRINK	🥜
FOOD_DRINK	🍯
FOOD_DRINK	🥛
FOOD_DRINK	☕
FOOD_DRINK	🍵
FOOD_DRINK	🥤
FOOD_DRINK	🍶
FOOD_DRINK	🍺
FOOD_DRINK	🍻
FOOD_DRINK	🥂
FOOD_DRINK	🍷
FOOD_DRINK	🥃
FOOD_DRINK	🍸
FOOD_DRINK	🍹
ACTIVITIES	🏀
ACTIVITIES	🏈
ACTIVITIES	🎾
ACTIVITIES	🏐
ACTIVITIES	🏉
ACTIVITIES	🎱
ACTIVITIES	🏓
ACTIVITIES	🏸
ACTIVITIES	🏒
ACTIVITIES	🏑
ACTIVITIES	🏏
ACTIVITIES	⛳
ACTIVITIES	🏹
ACTIVITIES	🎣
ACTIVITIES	🥊
ACTIVITIES	🥋
ACTIVITIES	🎽
ACTIVITIES	🛷
ACTIVITIES	⛸
ACTIVITIES	🎿
ACTIVITIES	🏂
ACTIVITIES	🏇
ACTIVITIES	🏄
ACTIVITIES	🏊
ACTIVITIES	🚣
ACTIVITIES	🚴
ACTIVITIES	🚵
ACTIVITIES	🎪
ACTIVITIES	🎭
ACTIVITIES	🎨
ACTIVITIES	🎬
ACTIVITIES	🎤
ACTIVITIES	🎧
ACTIVITIES	🎼
ACTIVITIES	🎹
ACTIVITIES	🥁
ACTIVITIES	🎷
ACTIVITIES	🎺
ACTIVITIES	🎸
ACTIVITIES	🎻
ACTIVITIES	🎲
ACTIVITIES	🎯
ACTIVITIES	🎳
ACTIVITIES	🎮
ACTIVITIES	🎰
ACTIVITIES	🧩
TRAVEL_PLACES	🚗
TRAVEL_PLACES	🚕
TRAVEL_PLACES	🚙
TRAVEL_PLACES	🚌
TRAVEL_PLACES	🚎
TRAVEL_PLACES	🏎
TRAVEL_PLACES	🚓
TRAVEL_PLACES	🚑
TRAVEL_PLACES	🚒
TRAVEL_PLACES	🚐
TRAVEL_PLACES	🚚
TRAVEL_PLACES	🚛
TRAVEL_PLACES	🚜
TRAVEL_PLACES	🏍
TRAVEL_PLACES	🚲
TRAVEL_PLACES	🛴
TRAVEL_PLACES	🚨
TRAVEL_PLACES	🚔
TRAVEL_PLACES	🚍
TRAVEL_PLACES	🚘
TRAVEL_PLACES	🚖
TRAVEL_PLACES	🚡
TRAVEL_PLACES	🚠
TRAVEL_PLACES	🚟
TRAVEL_PLACES	🚃
TRAVEL_PLACES	🚋
TRAVEL_PLACES	🚞
TRAVEL_PLACES	🚝
TRAVEL_PLACES	🚄
TRAVEL_PLACES	🚅
TRAVEL_PLACES	🚈
TRAVEL_PLACES	🚂
TRAVEL_PLACES	🚆
TRAVEL_PLACES	🚇
TRAVEL_PLACES	🚊
TRAVEL_PLACES	🚉
TRAVEL_PLACES	✈
TRAVEL_PLACES	🛫
TRAVEL_PLACES	🛬
TRAVEL_PLACES	💺
TRAVEL_PLACES	🚀
TRAVEL_PLACES	🚁
TRAVEL_PLACES	⛵
TRAVEL_PLACES	🚤
TRAVEL_PLACES	🚢
TRAVEL_PLACES	⚓
TRAVEL_PLACES	🚧
TRAVEL_PLACES	🚦
TRAVEL_PLACES	🚥
TRAVEL_PLACES	🗺
TRAVEL_PLACES	🗽
TRAVEL_PLACES	🗼
TRAVEL_PLACES	🏰
TRAVEL_PLACES	🏯
TRAVEL_PLACES	🏟
TRAVEL_PLACES	🎡
TRAVEL_PLACES	🎢
TRAVEL_PLACES	🎠
TRAVEL_PLACES	⛲
TRAVEL_PLACES	🏖
TRAVEL_PLACES	🏝
TRAVEL_PLACES	🏜
TRAVEL_PLACES	🌋
TRAVEL_PLACES	⛰
TRAVEL_PLACES	🏔
TRAVEL_PLACES	🏕
TRAVEL_PLACES	🏠
TRAVEL_PLACES	🏡
TRAVEL_PLACES	🏢
TRAVEL_PLACES	🏬
TRAVEL_PLACES	🏥
TRAVEL_PLACES	🏦
TRAVEL_PLACES	🏨
TRAVEL_PLACES	🏫
TRAVEL_PLACES	⛪
TRAVEL_PLACES	🕌
TRAVEL_PLACES	🕍
OBJECTS	⌚
OBJECTS	📱
OBJECTS	💻
OBJECTS	⌨
OBJECTS	🖥
OBJECTS	🖨
OBJECTS	🖱
OBJECTS	💽
OBJECTS	💾
OBJECTS	💿
OBJECTS	📷
OBJECTS	📸
OBJECTS	📹
OBJECTS	🎥
OBJECTS	📽
OBJECTS	🎞
OBJECTS	📞
OBJECTS	☎
OBJECTS	📟
OBJECTS	📠
OBJECTS	📺
OBJECTS	📻
OBJECTS	🔋
OBJECTS	🔌
OBJECTS	💡
OBJECTS	🔦
OBJECTS	🕯
OBJECTS	💸
OBJECTS	💵
OBJECTS	💴
OBJECTS	💶
OBJECTS	💷
OBJECTS	💰
OBJECTS	💳
OBJECTS	💎
OBJECTS	⚖
OBJECTS	🔧
OBJECTS	🔨
OBJECTS	⚒
OBJECTS	⛏
OBJECTS	🔩
OBJECTS	⚙
OBJECTS	🔫
OBJECTS	💣
OBJECTS	🔪
OBJECTS	🗡
OBJECTS	⚔
OBJECTS	🛡
OBJECTS	🚬
OBJECTS	⚰
OBJECTS	🏺
OBJECTS	🔮
OBJECTS	📿
OBJECTS	💈
OBJECTS	🔭
OBJECTS	🔬
OBJECTS	💊
OBJECTS	💉
OBJECTS	🩸
OBJECTS	🌡
OBJECTS	🌐
OBJECTS	📈
OBJECTS	📉
OBJECTS	📊
OBJECTS	📚
OBJECTS	📖
OBJECTS	📕
OBJECTS	📗
OBJECTS	📘
OBJECTS	📙
OBJECTS	📓
OBJECTS	📔
OBJECTS	📒
OBJECTS	📃
OBJECTS	📜
OBJECTS	📄
OBJECTS	📰
OBJECTS	🗞
OBJECTS	📑
OBJECTS	🔖
OBJECTS	🏷
OBJECTS	💼
OBJECTS	📁
OBJECTS	📂
OBJECTS	🗂
OBJECTS	📅
OBJECTS	📆
OBJECTS	🗒
OBJECTS	🗓
OBJECTS	📇
SYMBOLS	❤
SYMBOLS	🧡
SYMBOLS	💛
SYMBOLS	💚
SYMBOLS	💙
SYMBOLS	💜
SYMBOLS	🖤
SYMBOLS	🤍
SYMBOLS	🤎
SYMBOLS	💔
SYMBOLS	❣
SYMBOLS	💕
SYMBOLS	💞
SYMBOLS	💓
SYMBOLS	💗
SYMBOLS	💖
SYMBOLS	💘
SYMBOLS	💝
SYMBOLS	💟
SYMBOLS	☮
SYMBOLS	✝
SYMBOLS	☪
SYMBOLS	🕉
SYMBOLS	☸
SYMBOLS	✡
SYMBOLS	🔯
SYMBOLS	☯
SYMBOLS	⛎
SYMBOLS	♈
SYMBOLS	♉
SYMBOLS	♊
SYMBOLS	♋
SYMBOLS	♌
SYMBOLS	♍
SYMBOLS	♎
SYMBOLS	♏
SYMBOLS	♐
SYMBOLS	♑
SYMBOLS	♒
SYMBOLS	♓
SYMBOLS	⚛
SYMBOLS	☢
SYMBOLS	☣
SYMBOLS	✴
SYMBOLS	ℹ
SYMBOLS	✔
SYMBOLS	✖
SYMBOLS	‼
SYMBOLS	⁉
SYMBOLS	❓
SYMBOLS	❔
SYMBOLS	❕
SYMBOLS	❗
SYMBOLS	💲
SYMBOLS	♻
SYMBOLS	🔱
SYMBOLS	⭕
SYMBOLS	✅
SYMBOLS	☑
SYMBOLS	❌
SYMBOLS	❎
SYMBOLS	🔴
SYMBOLS	🟠
SYMBOLS	🟡
SYMBOLS	🟢
SYMBOLS	🔵
SYMBOLS	🟣
SYMBOLS	⚪
SYMBOLS	⚫
SYMBOLS	🔺
SYMBOLS	🔻
SYMBOLS	🔶
SYMBOLS	🔷
SYMBOLS	🔸
SYMBOLS	🔹
SYMBOLS	💯
SYMBOLS	🔞
SYMBOLS	📵
SYMBOLS	🚭
